cwa-server-3977e6-94bca6,4953,4659,4661,4464,4389,4501,4178,4415,4605,4199,4511,4703,4741,4633,4549,4395,4696,4578,4746,4809,4300,4843,4731,4660,4860,4652,4405,4301,4285,4670,4398,4655,4314,4478,4761,4856,4677,4151,4484,4578,4319,4484,4555,4902,4378,4412,4802,4633,4698,4482
cwa-server-7e1b61-7e1b61,3548,2433,2063,2028,1966,2071,2094,2063,2023,1937,1995,2006,2281,2171,1991,1998,1978,1996,1933,1929,1995,2154,1905,1971,2147,2330,2262,2057,1918,2007,2100,2286,1985,2053,2216,2153,1919,1889,1984,2223,2223,2118,1941,1916,1944,1931,2013,2033,2110,2094
cwa-server-c22f93-6e9702,4304,4317,4336,4455,4594,4492,4531,4650,4124,4163,4075,4394,4150,4189,4157,4173,4201,4179,4442,4177,4479,4695,4713,4671,4317,4418,4421,4509,4147,4110,4184,4543,4504,4694,4091,4439,4814,4403,4128,4175,4317,4324,4424,4340,4178,4171,4433,4544,4523,4959
cwa-server-9323b8-33d1c9,4417,4431,4411,4469,4438,4328,4250,4310,4265,4262,4199,4221,4384,4161,4662,4377,4189,4219,4420,4425,4220,4206,4597,4709,4596,4563,4428,4158,4264,4270,4193,4485,4560,4561,4777,4541,4164,4172,4209,4187,4112,4383,4178,4215,4353,4169,5003,4526,4301,4544
cwa-server-c22f93-c22f93,2137,1989,2015,1955,2395,2059,2034,1974,2109,1899,2106,2088,2034,2101,1987,2004,2148,2072,2083,2088,2151,2055,2073,2158,2017,2050,2006,2092,1954,1957,2081,2030,2049,2121,2034,2007,2065,2221,2096,2058,2040,1995,2078,2014,2110,2415,1979,2055,2178,2115
cwa-server-206e8c-3977e6,4379,4481,4518,4511,4404,4438,4347,4228,4803,4735,4495,4434,4230,4480,4220,4244,4581,4488,4500,4819,4584,4545,4603,4769,4188,4276,4566,4347,4751,4397,4514,4479,4858,4634,4481,4343,4265,4637,4603,4398,4515,4752,4738,4461,4545,4308,4391,4212,4415,4746
cwa-server-94bca6-3977e6,4956,4835,4742,4339,4364,4284,4220,4302,4292,4268,4638,4650,4285,4307,4713,4652,4479,4594,4605,4659,4265,4617,4798,4688,4508,4627,4584,4274,4575,4743,4898,4690,4429,4377,4700,4683,4385,4402,4390,4499,4316,4424,4433,4714,4249,4272,4670,4858,4762,4507
cwa-server-6e9702-6e9702,2005,2022,1972,2097,2063,1955,1985,1967,1986,1986,2226,2059,1939,1941,2070,2120,2092,2089,2109,2142,1928,1898,2112,2172,1998,2209,2119,2287,2109,2099,1923,2107,2091,2061,1958,1976,2032,2202,1946,2023,2007,2145,1939,1904,1994,1940,1983,1996,2096,2073
cwa-server-c22f93-33d1c9,4384,4300,4360,4757,4476,4528,4640,4339,4288,4157,4196,4199,4612,4567,4128,4455,4622,4219,4364,4264,4606,4235,4464,4207,4378,4706,4325,4361,4791,4576,4386,4595,4371,4254,4091,4435,4521,4597,4474,4343,4387,4630,4832,4309,4430,4421,4405,4740,4479,4137
cwa-server-7e1b61-6e9702,5737,4463,4348,4208,4396,4370,4528,4195,4061,4326,4366,4376,4508,4608,4430,4142,4526,4853,4282,4556,4150,4174,4079,4446,4429,4431,4470,4624,4472,4364,4612,4398,4493,4278,4557,4074,4115,4592,4306,4191,4368,4389,4666,4577,4127,4182,4359,4193,4445,4602
cwa-server-206e8c-9323b8,5286,4432,4579,4828,4802,4833,4430,4384,4332,4373,4700,4809,4615,4658,4620,4576,4341,4437,4739,4918,4612,4541,4591,4466,4602,4355,4807,4706,4501,4623,4587,4753,4690,4931,4270,4236,4683,4456,4415,4673,4554,4383,4788,4783,4780,4805,4595,4707,4314,4560
cwa-server-94bca6-94bca6,2079,2087,2159,2071,2254,2245,2038,2227,2178,2066,2129,2190,2137,2408,1998,2067,2281,2223,2069,2120,2228,2124,2118,2216,2162,2153,1966,2041,2136,2196,2066,2038,2053,2050,1983,2055,1975,1953,2072,2145,1939,2001,2101,2004,2078,2111,2001,2215,2022,2064
cwa-server-6e9702-c22f93,4396,4578,4359,4571,4407,4525,4583,4470,4103,4342,4469,4522,4105,4122,4189,4195,4289,4327,4556,4327,4394,4719,4680,4545,4199,4334,4428,4301,4387,4189,4171,4634,4566,4456,4106,4340,4725,4662,4187,4301,4502,4320,4628,4290,4699,4305,4420,4408,4457,4314
cwa-server-3977e6-3977e6,2097,2050,2101,2109,2188,2185,2039,2018,2166,2365,2250,2018,2076,2197,1972,2080,2088,2298,2145,2109,2013,1960,2149,2234,2177,2314,2160,2145,2140,2216,2070,2045,2101,2002,1974,2211,2151,2284,1976,2046,2382,1970,2070,2019,1962,2034,2071,2138,2052,2144
cwa-server-6e9702-7e1b61,4461,4439,4482,4268,4251,4337,4617,4502,4549,4132,4449,4435,4452,4567,4111,4098,4591,4546,4181,4186,4196,4175,4131,4210,4687,4288,4709,4562,4551,4383,4141,4114,4340,4189,4244,4528,4195,4401,4118,4140,4466,4410,4767,4477,4136,4155,4151,4239,4473,4373
cwa-server-9323b8-206e8c,5090,4438,4900,4534,4683,4756,4375,4251,4358,4455,4339,4818,4388,4823,4824,4714,4436,4430,4921,4854,4708,4679,4714,4874,4621,4318,4398,4734,4662,4722,4491,4687,4827,5052,4585,4335,4793,4313,4382,5005,4615,4248,4357,4758,4714,4995,4940,4712,4356,4376
cwa-server-206e8c-206e8c,2059,2026,2393,2097,2040,2086,1966,1974,2021,2002,2189,2136,2393,2272,2052,2151,2039,2061,2162,2248,1978,2047,2175,2181,1992,2040,2127,2155,2163,2210,2109,2047,2039,2192,2000,2067,1959,1962,2216,2114,2027,2065,2202,2351,2162,2183,2119,2390,2023,2253
cwa-server-33d1c9-9323b8,4420,4485,4400,4493,4409,4636,4521,4293,4162,4248,4222,4236,4543,4214,4521,4450,4244,4205,4579,4469,4287,4451,4667,4149,4535,4335,4367,4393,4769,4302,4728,4616,4344,4511,4766,4544,4424,4246,4243,4210,4201,4104,4269,4219,4619,4403,4425,4605,4219,4599
cwa-server-3977e6-206e8c,4500,4459,4571,4871,4524,4636,4151,4331,4974,4637,4350,4427,4289,4443,4312,4575,4350,4504,4596,4522,4737,4400,4193,4266,4252,4250,4880,4692,4187,4275,4661,4811,4305,4542,4213,4217,4556,4700,4679,4883,4614,4673,4748,4477,4340,4239,4268,4208,4533,4420
cwa-server-9323b8-9323b8,2042,2009,2128,2131,2167,2361,2019,2331,1951,1949,1980,1977,1934,2038,2018,2033,2006,2000,2183,2132,2186,2106,2017,2064,2087,2025,2122,1936,1958,2146,2084,2237,2106,2254,1925,1998,1923,2185,1984,1934,2011,1924,1944,2029,1926,2184,2013,2047,2301,1977
cwa-server-33d1c9-33d1c9,2198,2128,2217,1996,2373,2294,2121,2152,1976,2079,1930,1977,2063,2008,2301,2262,2175,1917,2152,2105,1936,1918,1984,2097,2107,2091,2080,2089,2153,2085,2086,2065,1949,1967,2012,1995,2133,2078,1923,1953,2130,2128,1978,1915,2254,2077,2200,1992,2045,1934
cwa-server-33d1c9-c22f93,4468,4327,4482,4633,4616,4518,4485,4556,4276,4273,4124,4146,4225,4515,4504,4617,4251,4382,4364,4418,4619,4261,4700,4320,4671,4424,4396,4558,4592,4600,4517,4495,4367,4536,4162,4474,4363,4550,4654,4552,4587,4649,4317,4064,4434,4342,4558,4641,4209,4240
