cwa-server-3977e6-94bca6,4428,4545,4527,4335,4701,4816,4428,4518,4425,4394,4619,4690,4229,4494,4327,4235,4668,4274,4557,4891,4319,4309,4614,4271,4308,4292,4219,4408,4450,4414,4547,4448,4810,4170,4669,4160,4698,4652,4138,4391,4231,4253,4333,4261,4228,4300,4608,4443,4268,4368,4313,4279,4299,4565,4588,4498,4758,4582,4379,4179,4367,4462,4272,4153,4552,4245,4382,4073,4350,4194,4296,4262,4502,4478,4173,4219,4417,4301,4297,4233,4328,4309,4332,4355,4541,4714,4685,4578,4356,4257,4229,4147,4279,4150,4332,4734,4579,4268,4725,4459
cwa-server-7e1b61-7e1b61,2215,2207,2002,2014,2163,2187,2081,2114,2105,2077,2201,2220,2137,2192,2128,2090,2043,1972,2022,1992,1943,2058,1965,2058,2067,1968,1980,2072,2032,1974,1957,2320,2182,2204,2066,2020,2043,1931,2125,2203,2057,1975,2061,2217,2061,1964,1967,2028,1966,2115,2011,2005,2024,2073,2111,2072,2209,2099,2132,2123,2021,1957,2126,2103,1966,2039,2035,2050,2053,1991,2050,2030,2051,1956,2125,2085,2055,2120,2064,2041,1975,2090,2041,2169,2009,2042,1996,1963,2181,2177,2074,1978,2124,2325,2100,2048,2221,2143,2016,2022
cwa-server-94bca6-3977e6,4405,4537,4281,4413,4679,5036,4425,4418,4247,4434,4773,4741,4230,4440,4268,4366,4468,4737,4629,4552,4228,4210,4129,4209,4286,4250,4330,4486,4425,4399,4408,4480,4123,4297,4418,4312,4846,4724,4234,4351,4137,4316,4320,4195,4177,4237,4571,4338,4478,4252,4531,4431,4304,4517,4505,4643,4616,4549,4163,4399,4159,4232,4243,4249,4296,4272,4205,4169,4384,4248,4408,4237,4600,4337,4219,4297,4216,4362,4263,4240,4250,4225,4273,4261,4497,4667,4635,4753,4149,4236,4289,4261,4108,4260,4824,4694,4153,4327,4678,4342
cwa-server-6e9702-6e9702,2186,2191,2234,2140,2143,2076,2145,2199,2086,2138,2086,2089,2141,2161,2086,2299,1970,1996,2039,1978,1979,2162,2091,1996,1955,2000,2045,2039,2232,2166,1960,1934,1963,2006,2038,2107,1992,1999,1953,1964,2027,1983,2126,2039,2063,2043,1987,2253,1965,1971,2164,2064,2136,2125,2277,2149,2104,2180,2187,2111,2059,1983,2139,2258,2010,2000,1972,2072,2049,1998,2038,2126,1985,1991,2098,2051,2160,2146,2046,1998,1950,2010,2067,2011,2099,1954,2180,2171,2032,1969,2163,2284,2181,1997,1999,2044,1972,2071,1974,2093
cwa-server-c22f93-33d1c9,4179,4135,4565,4379,4361,4295,4323,4213,4419,4876,4444,4332,4031,4198,4628,4532,4120,4677,4418,4268,4821,4082,4138,4177,4161,4257,4636,4827,4240,4578,4546,4612,4234,4108,4358,4532,4403,4310,4043,4097,4452,4682,4172,4526,5080,4523,4206,4169,4377,4644,4373,4182,4184,4416,4192,4154,4046,4040,4148,4507,4693,4160,4505,4234,4203,4552,4390,4321,4727,4246,4189,4739,4118,4160,4230,4091,4815,4295,4085,4252,4112,4076,4392,4265,4320,4376,4604,4483,4207,4173,4068,4174,4460,4555,4244,4226,4295,4142,4146,4375
teammates-48b67b-48b67b,4074,3740,3966,3741,3788,3571,3768,3550,3522,3431,3715,3768,3778,3407,3866,3753,3404,3501,3689,3710,3841,3665,3650,3555,3886,4081,3541,3593,3784,3839,3570,3455,3844,3611,3906,3767,3576,3700,3638,3657,3857,3861,3722,3621,3549,3602,3658,3462,3604,3889,3538,3595,3751,3890,3603,3602,3873,3907,4131,3869,3626,3620,3458,3506,3576,3767,3535,3566,3846,3701,3943,3891,3665,3696,3542,3559,3877,3629,3535,3567,3566,3627,3558,3601,3720,3767,3605,3859,3508,3550,3676,3688,3543,3635,3859,4157,3988,3613,3590,3557
cwa-server-3977e6-3977e6,2087,2151,2245,2136,2223,2276,2122,2111,2134,2190,2017,2094,2017,2104,2109,2024,2175,2260,2250,2413,2300,2073,2079,2040,2124,2157,2214,2011,2278,2352,2106,2183,2244,2103,2164,2157,2022,2343,2067,2185,2109,2192,2094,2015,2198,2172,2298,2255,2060,2000,2054,2016,2014,2095,2196,2344,2143,2218,2038,2063,2214,2166,2073,1996,2331,2210,2247,2213,2179,2054,2011,2095,2119,2072,2009,2085,2048,2096,2091,2016,2087,2041,2098,2039,2217,2260,2237,2302,2081,2117,2185,2258,2046,1999,2038,2036,2023,2089,2276,2377
cwa-server-206e8c-206e8c,2240,2329,2147,2278,2148,2138,2687,2203,2399,2360,2032,2033,2248,2273,2068,2182,2219,2108,2069,2062,2120,2032,2304,2291,2156,2085,2067,2076,2043,2146,2096,2316,2092,2059,2209,2221,2025,2055,2072,2079,2304,2196,1999,2066,2111,2013,2228,2300,2102,2190,2261,2324,2022,2110,2126,2261,2176,2280,1985,2095,2033,2004,2070,2199,2052,2214,2114,2157,2094,2040,2485,2201,2276,2363,2398,2218,2046,2124,2347,2165,2119,2238,2072,2098,2475,2199,2035,2012,2113,2145,2255,2257,2278,2188,2081,2108,2296,2234,2071,2047
teammates-48b67b-648425,8803,8596,8270,8035,7927,8084,8110,8320,8105,7659,8002,8124,8178,8176,8663,8566,8346,8479,7711,8029,8174,8029,8011,7953,7985,7794,8089,8097,8489,8866,8090,8396,7729,8150,8449,8275,7898,7981,8109,8435,8555,8740,8519,8216,8032,7847,8627,8562,8439,8579,7877,7914,8557,8834,7912,8062,8245,8400,7943,8024,8017,7956,8051,8404,8542,7807,7673,7767,8251,8357,7878,7892,8769,8209,7709,7875,8186,8397,7965,7844,7888,7983,8158,7955,7850,8018,8007,8083,8175,8646,8405,9069,7786,8003,8518,8753,7918,7939,8727,8393
teammates-83f518-f33d0b,9055,8014,8668,7912,8448,8335,7832,7706,7551,8651,8217,8301,7802,8010,7782,8602,8882,8063,8329,8218,8517,7877,7815,8089,8205,8073,7889,8058,7885,8126,7832,7822,8037,8109,8527,7742,7970,7923,7886,8889,7728,8122,8825,7735,7809,7803,7792,8222,8567,8566,8845,8074,8303,8108,8103,8268,7615,7900,7983,7825,7912,8351,7836,7785,8704,8059,7843,8367,8890,7919,7747,8624,8191,8434,8060,8267,8397,7978,8557,8297,7857,8831,8078,8347,8117,7923,8084,9226,7902,8363,7784,7953,8135,8712,7888,7793,7743,8510,8045,8044
teammates-ce4463-f33d0b,8931,8678,8304,8647,8293,8913,8263,8542,8661,8344,8377,8616,8297,7908,8410,8597,8358,8825,8575,8179,8332,8520,8096,8247,8124,8953,8710,8561,8767,8075,8312,8252,8196,8238,8112,8019,8182,8127,8004,8194,8769,9093,8678,9150,8581,8767,8832,8601,7973,8076,8806,8731,8084,8075,8026,8176,8439,8108,8083,8351,8467,8237,9008,8866,8310,9083,8062,8174,8156,8290,8375,8005,8871,9073,8307,8230,8707,8271,9060,8129,8574,8961,8144,8311,8182,8259,8097,8266,8198,8379,8384,8125,8985,8791,8148,8211,8148,8314,8351,8651
cwa-server-33d1c9-c22f93,4169,4309,4242,4288,4244,4315,4433,4315,4455,4985,4440,4267,4008,4129,4719,4415,4140,4206,4505,4586,4379,4038,4144,4166,4144,4158,4714,4622,4057,4339,4559,4534,4267,4178,4397,4423,4758,4522,4054,4132,4401,4556,4181,4096,4581,4625,4038,4167,4586,4539,4111,4083,4377,4307,4228,4094,4132,4081,4301,4532,4389,4570,4545,4612,4538,4796,4209,4263,4126,4164,4419,4767,4193,4187,4182,4146,4346,4345,4224,4129,4172,4228,4415,4324,4355,4526,4673,4521,4213,4127,4071,4181,4130,4272,4144,4064,4146,4047,4260,4133
cwa-server-c22f93-6e9702,4134,4078,4504,4400,4234,4335,4242,4313,4119,4325,4161,4259,4337,4386,4029,4648,4123,4238,4656,4175,4151,4418,4113,4170,4167,4120,4181,4149,4389,4437,4071,4137,4006,4019,4544,4237,4118,4026,4110,4257,4438,4340,4373,4071,4100,4095,4579,4624,4097,4150,4380,4551,4062,4117,4553,4690,4471,4443,4355,3964,4114,4378,4186,4299,4150,4141,4136,4321,4136,4146,4211,4130,4420,4237,3988,4052,4036,4155,4192,4154,4079,4418,4130,4145,4234,4079,4220,4518,4150,4063,4162,4280,4436,4488,4160,4071,4446,4556,4147,4105
cwa-server-9323b8-33d1c9,4117,4550,4061,4332,4236,4741,4289,4504,4455,4642,4480,4200,4156,4161,4527,4217,4339,4556,4134,4172,4176,4249,4188,4165,4127,4233,4537,4608,4395,4080,4122,4218,4378,4370,4403,4597,4084,4306,4239,4126,4312,4433,4378,4422,4513,4623,4228,4051,4134,4164,4172,4165,4297,4335,4118,4586,4565,4491,4585,4423,4089,4349,4103,4150,4061,4141,4377,4530,4321,4285,4735,4649,4132,4161,4290,4186,4213,4222,4368,4388,4562,4899,4451,4119,4720,4529,4594,4570,4363,4671,4485,4205,4640,4610,4186,4807,4236,4206,4424,4307
cwa-server-c22f93-c22f93,1957,2028,2169,2296,2076,2113,2089,2143,2136,2092,2220,2271,2185,2034,2238,2139,1983,2064,2093,2296,2142,2149,2000,2066,2040,2001,2004,2004,1936,2063,1996,2066,2014,2071,1964,2112,1966,2039,1975,2057,2263,2169,1956,2038,2155,2334,2153,2201,2041,2062,2035,2092,1960,1981,2021,2316,1945,1951,2025,1940,2163,2267,2135,2373,2055,1958,2191,2196,1987,2158,1980,2054,2042,2074,1958,1967,2243,2147,1999,2144,1981,2057,2073,2167,1983,2331,2209,2129,2149,1981,2039,2119,2046,2176,2004,2046,2295,2126,1988,2054
cwa-server-206e8c-3977e6,4804,4452,4695,4298,4544,4511,4686,4345,4547,4471,4249,4313,4419,4289,4099,4460,4609,4702,4192,4778,4264,4892,4870,4271,4525,4207,4265,4862,4317,4472,4499,4479,4424,4571,4485,4648,4322,4320,4280,4292,4373,4447,4393,4168,4325,4367,4907,4771,4570,4196,4870,4211,4165,4223,4113,4596,4662,4623,4207,4170,4203,4735,4841,4534,4295,4714,4658,4697,4325,4411,4185,4222,4767,4375,4727,4218,4141,4273,4468,4180,4377,4313,4167,4255,4729,4802,4237,4226,4812,4254,4617,4338,4462,4405,4394,4272,4940,4231,4248,4711
teammates-648425-648425,4771,3516,3833,3526,3916,3614,3643,3539,3629,3617,3823,3773,3452,3534,3471,3450,3462,3454,3604,3570,4102,3915,3421,3760,3594,3489,3497,3421,3487,3490,3502,3491,3869,4012,3674,3603,3524,3589,3631,3492,3726,3629,3454,3497,3831,3918,3604,3721,3923,3982,3654,3660,3449,3543,3608,3543,3646,3908,3679,3658,4020,3688,3626,3531,3902,3917,4176,3786,3605,3648,3650,3749,3473,3486,3810,3675,3649,3612,4001,4010,3626,3864,3436,3461,3709,3664,3573,3653,3783,3513,3634,3611,3701,3577,3514,3489,3707,3794,3708,3519
teammates-ce4463-ce4463,3820,3611,3851,3679,4116,3823,3806,3765,3703,3659,3627,3507,3574,3593,3768,3616,3562,3626,3864,3958,3802,3570,3654,3644,3921,3852,3571,3630,3895,3862,3842,3713,3744,3612,3602,3679,3669,3651,3720,3609,3907,4094,3575,3867,3738,4066,3712,3846,3520,3609,3495,3510,3769,3577,3842,3973,3623,3718,3940,3923,3605,3614,4113,3973,3974,4024,3642,3651,3587,3571,3588,3813,3743,3781,3670,3720,3977,3896,3664,3615,3918,4006,3599,3648,3632,3697,3927,4124,3691,3646,3600,3735,3460,3579,3645,3834,3648,3662,3809,3896
teammates-648425-48b67b,10375,8250,9013,7989,7876,7948,8143,7964,8035,7702,8832,8460,8110,8162,8404,8453,7650,8411,7594,8179,8032,8416,7711,7774,7816,8567,7917,7801,8351,8816,8076,8215,7814,8655,7841,8321,7953,7834,8053,7869,7910,8703,8644,8194,8424,7920,8095,8160,8337,8290,7699,7883,8340,8432,7778,8076,8004,8755,7769,8154,8217,7758,7940,8419,8620,7761,7924,7948,7744,8251,7795,8660,8412,8547,8427,8122,7800,8363,8045,7786,8216,7972,7761,7842,7911,8263,7893,7961,7860,7810,7848,8595,7842,7963,8493,8543,7756,8590,7923,8239
cwa-server-7e1b61-6e9702,4656,4585,4179,4482,4288,4126,4287,4205,4479,4221,4476,4712,4772,4520,4723,4265,4235,4134,4047,4146,4146,4200,4048,4218,4197,4145,4120,4253,4177,4403,4384,4725,4501,4787,4225,4124,4230,4105,4657,4145,4202,4180,4229,4237,4200,4169,4226,4125,3998,4189,4160,4182,4314,4627,4414,4258,4503,4620,4144,4323,4219,4112,4341,4312,4019,4233,4092,4124,4353,4135,4571,4307,4274,4181,4621,4194,4549,4700,4096,4195,4151,4074,4117,4210,4165,4551,4082,4404,4156,4032,4183,4280,4557,4356,4364,4126,4418,4087,4147,4211
cwa-server-206e8c-9323b8,4190,4505,4353,4451,4278,4551,4560,4742,4532,5167,4277,4749,4361,4693,4717,4249,4730,4697,4472,4366,4352,4388,4247,4340,4273,4345,4188,4358,4342,4368,4294,4314,4188,4272,4661,4666,4421,4451,4365,4435,4670,4586,4748,4395,4111,4214,4497,4559,4406,4550,4649,4687,4321,4220,4657,4484,4768,4784,4479,4207,4261,4620,4277,4317,4323,4315,4661,4605,4312,4239,4319,4603,4852,4756,4350,4507,4344,4308,4397,4386,4361,4237,4506,4457,4474,4411,4765,4657,4405,4495,4731,4859,4586,4652,4248,4385,4280,4383,4440,4345
cwa-server-94bca6-94bca6,1997,2061,2171,2206,2433,2189,2385,2436,2200,2391,2275,2287,2106,2190,2011,2056,2054,1976,1989,2049,2026,2053,2081,2014,2094,2128,2164,2046,2097,2478,2091,2347,2077,2021,1973,1996,2192,2259,2148,2013,2029,2070,2131,2022,2067,2063,1958,2043,2053,2078,2070,2089,2122,2214,2250,2344,2160,2141,2072,2015,2038,2061,2082,2101,2430,2203,2048,2015,2016,2046,2018,2048,2132,2092,2093,2079,2086,2046,2016,2087,2136,2088,2085,2272,2227,2054,2235,2169,2022,2104,2068,2131,2081,2063,2196,2439,2026,2059,2152,2106
teammates-83f518-83f518,3886,3540,3841,3526,3744,3630,3835,3432,3677,3928,3478,3414,3484,3442,3415,3507,3571,3644,3622,3559,3857,3652,3505,3677,3682,3618,3542,3665,3483,3558,3544,3547,3513,3625,3524,4221,3635,3594,3661,3589,3569,3500,3525,3615,3570,3611,3871,3618,3971,3810,3905,3878,4054,3823,4013,3841,3544,3470,3767,3642,3506,3527,3590,3477,3927,3984,3716,3968,3674,3929,3724,3801,3817,3690,3588,3516,3706,3859,4113,3994,3660,3673,3606,3561,3585,3657,3903,3954,3588,3721,3615,3636,3530,3488,3562,3527,3757,3659,3626,3539
teammates-f33d0b-ce4463,8824,8563,8369,8451,8645,8746,8311,8978,8509,8354,8043,8649,8112,8012,8243,8420,8160,8013,8248,8194,8061,9146,8259,8186,7991,9034,8624,8472,8741,8549,8073,8770,8071,8159,8022,8181,8264,8305,8233,8218,8824,8687,8019,8450,8567,8388,8807,8701,8106,8043,8939,7864,8204,8254,7995,8172,9009,8191,8116,9153,8576,8228,9012,8626,8318,8925,8125,8073,8394,8180,9050,8007,7999,7987,8093,8270,8332,8978,9038,8122,8327,8872,8048,8150,8077,8182,8552,8777,8122,8166,8086,8158,8816,8600,8078,8113,8779,8172,8220,8818
cwa-server-6e9702-c22f93,4347,4161,4747,4495,4370,4198,4423,4224,4295,4300,4333,4647,4448,4452,4262,4456,4216,4216,4544,4074,4675,4580,4166,4197,4173,4210,4205,4184,5119,4347,4157,4035,3935,4130,4598,4118,4180,4187,4134,4076,4592,4267,4511,4141,4232,4187,4242,4550,4456,4042,4557,4303,4408,4081,4490,4251,4425,4488,4530,4005,4258,4607,4757,4539,4639,4185,4125,4718,4238,4203,4284,4171,4301,4308,4365,4198,4519,4115,4237,4101,4131,4333,4283,4501,4083,4176,4268,4364,4165,4388,4276,4134,4103,4476,4118,4147,4500,4509,4099,4198
teammates-48b67b-83f518,8882,8595,8368,8239,8361,8349,8683,8203,8196,8568,8516,8138,8285,8028,8865,7990,7998,8225,8548,8706,8393,8883,8194,8234,8679,8228,8048,8007,8761,8444,8365,7887,8114,8029,8524,8188,8305,8633,8208,8202,8612,8127,8452,8047,8178,8045,8051,8717,8597,8561,8193,9075,8402,8863,8202,8770,8824,9195,8939,8577,8128,7984,8938,8344,8904,8527,8749,8303,8470,8416,8177,8861,8307,8159,8450,8165,8380,8604,9183,8527,8695,8057,8090,8068,8296,8090,8050,9079,8232,8068,8683,8366,8060,8705,8116,8452,8936,7997,8119,8374
teammates-f33d0b-83f518,8458,8088,7984,8542,7860,8150,7622,7803,8117,8330,8248,8584,7776,7927,8552,8396,8397,8672,8156,7933,8645,8508,7814,8091,8039,8459,7965,8306,7793,7725,7921,8295,7860,7864,8666,7986,7781,7849,7932,8141,8356,8926,8794,8314,7782,7852,7814,8058,7805,8505,8596,8474,8508,8651,8411,8117,7723,8003,7801,7837,7880,7957,7756,7980,8477,8761,8155,8208,8160,7856,8803,8810,8184,8299,7886,8042,8059,7931,7812,7917,7935,8488,7947,8080,7792,8007,7759,8192,7969,8434,7967,7862,8241,8146,8346,8634,7924,8156,7773,7878
teammates-83f518-48b67b,8651,8464,8251,8380,8427,8573,8275,8657,8729,8871,8446,8560,8373,8015,8845,8021,8079,8076,8833,8918,8374,8461,8123,8219,8478,8266,7868,7994,8608,8706,8576,8121,8571,8251,8492,8573,8846,8590,8073,8344,8210,8099,8841,8400,7970,8021,8466,8420,8639,8781,8566,9000,8177,8216,8576,9099,8883,8759,8639,8171,8109,8273,8905,8640,8865,8255,8066,8238,8627,8731,8294,8149,8788,8167,8096,8175,8851,8778,8381,7993,8523,8099,8238,8452,8126,8137,9126,9188,8067,8347,8125,8154,8758,8950,7930,7955,9098,8021,8167,8237
cwa-server-6e9702-7e1b61,4431,4064,3977,4675,4839,4351,4130,4280,4193,4398,4433,5124,4533,4556,4598,4340,4087,4197,4038,4176,4079,4107,4300,4122,4170,4197,4155,4113,4177,4183,4479,4421,4440,4436,4102,4130,4347,4121,4664,3986,4128,4154,4458,4427,4066,4196,4065,4173,4106,4032,4189,4176,4487,4594,4449,4494,4480,4454,4117,4035,4136,4131,4105,4331,4157,4143,4194,4157,4569,4204,4744,4657,4146,4185,4496,4492,4337,4421,4091,4236,4504,4165,4127,4236,4361,4588,4103,4091,4023,4154,4227,4189,4511,4456,4307,4313,4067,4178,4102,4146
cwa-server-9323b8-206e8c,4539,4883,4605,4464,4513,4434,5229,4716,4799,4767,4303,4805,4299,5005,4491,4262,4812,4711,4524,4317,4348,4340,4314,5193,4379,4352,4215,4261,4404,4371,4299,4235,4352,4374,4692,4824,4349,4255,4479,4441,4713,4549,4459,4613,4582,4239,4963,4532,4882,4483,4495,5087,4160,4348,4635,4699,4735,4675,4830,4245,4299,4660,4390,4336,4348,4297,4758,4673,4504,4351,4525,4669,4940,4901,4703,4353,4498,4289,4462,4385,4384,4631,4386,4820,4601,4486,4729,4627,4552,4507,4673,4761,4865,4647,4462,4276,4486,4697,4329,4346
cwa-server-33d1c9-9323b8,4190,4710,4530,4482,5003,4814,4484,4265,4733,4555,4428,4125,4254,4218,4454,4291,4420,4452,4108,4272,4066,4095,4257,4267,4135,4256,4537,4627,4497,4370,4146,4096,4216,4408,4349,4817,4369,4233,4197,4218,4385,4689,4366,4425,4656,4484,4284,4218,4789,4160,4262,4325,4407,4358,4185,4601,4100,4560,4402,4516,4155,4237,4124,4290,4121,4228,4412,4269,4430,4205,4650,4678,4150,4278,4239,4421,4647,4175,4460,4336,4393,4286,4423,4241,4650,4380,4442,4541,4187,4679,4489,4167,4556,4527,4342,4575,4281,4149,5036,4454
cwa-server-3977e6-206e8c,4650,4580,4393,4562,4294,4505,4948,4530,4305,4631,4284,4221,4235,4222,4149,4368,4599,4709,4255,4536,4379,4606,4405,4293,4155,4244,4516,4535,4216,4256,4220,4458,4361,4280,4502,4779,4252,4296,4222,4288,4189,4161,4244,4244,4325,4528,4697,4637,4407,4197,4097,4219,4258,4256,4241,4671,4604,4555,4195,4299,4309,4305,4722,4828,4178,4468,4618,4635,4233,4342,4179,4225,4777,4309,4472,4222,4277,4208,4344,4343,4264,4283,4240,4240,4614,4615,4235,4164,4351,4222,4545,4455,4569,4406,4267,4312,4685,4590,4499,4643
cwa-server-9323b8-9323b8,1994,2041,2215,2348,2364,2392,2150,2184,2206,2180,1967,2036,1973,2048,2046,2108,2120,2062,1965,2020,2153,1981,2097,2011,2032,1984,1936,2000,1989,2001,1977,2250,2056,2150,2199,2197,1977,1992,2040,1993,2196,2223,2067,2114,2213,2327,2012,2014,2008,2010,2020,2089,2240,2158,2316,2231,2198,2139,2125,2220,2024,2069,2024,1981,2041,2033,2230,2156,1977,2012,2240,2236,2000,2071,2389,2322,1971,2008,2112,2273,1992,2047,2110,2219,2098,2223,2127,2195,2291,2253,2318,2180,2165,2204,2270,2317,2009,2054,2073,2003
teammates-f33d0b-f33d0b,3879,3759,3762,3515,3686,3691,3491,3543,3475,3408,3613,3731,3515,3425,3554,3493,3597,3733,3810,3462,3710,3720,3639,3711,3741,3569,3782,3638,4048,4129,3558,3545,3948,3989,3560,3513,3889,3691,4023,3792,3913,3612,3472,3537,3833,3598,3682,3781,3524,3471,3848,3943,3473,3502,3655,3591,3500,3580,3588,3617,3784,3793,3633,3536,3550,3468,3523,3581,3613,4014,3835,3930,3700,3945,3586,3551,3568,3641,3870,3957,3967,4071,3913,3736,3625,3650,4035,3943,3733,3765,3572,3794,4011,3949,3469,3777,3808,3672,3701,3567
cwa-server-33d1c9-33d1c9,1977,2035,2094,2097,2126,2087,2095,2147,2422,2272,2309,2053,1985,1980,2264,2042,2249,2154,1948,2022,2018,1995,1983,2025,2147,2012,2162,2238,2163,2020,2198,1991,2002,2295,2052,2092,2043,2120,2005,1967,2180,2115,2033,2029,2206,2270,1981,2042,2156,2223,2068,1999,2111,2257,1962,2027,1952,1954,2286,2109,1968,2030,1966,2000,2114,2024,2109,2052,1992,2011,2216,2244,1981,2031,1987,1974,2041,2108,2205,2283,1987,1985,2043,2115,2058,2239,2127,2189,2187,2042,2043,2087,2202,2167,1989,1997,2044,2004,2258,2190
